{"cameraMode":{"drawMode":0,"name":"Shaded","section":"Shading Mode"},"sceneLighting":true,"audioPlay":false,"sceneViewState":{"showFog":true,"showMaterialUpdate":false,"showSkybox":true,"showFlares":true,"showImageEffects":true,"showParticleSystems":true},"in2DMode":false,"pivot":{"x":1.5073374509811402,"y":11.158864974975586,"z":1.6662163734436036},"rotation":{"x":-0.22713321447372437,"y":-0.07414121180772782,"z":0.017366867512464525,"w":-0.9708982110023499},"size":33.38539123535156,"orthographic":false}