{"cameraMode":{"drawMode":0,"name":"Shaded","section":"Shading Mode"},"sceneLighting":true,"audioPlay":false,"sceneViewState":{"showFog":true,"showMaterialUpdate":false,"showSkybox":true,"showFlares":true,"showImageEffects":true,"showParticleSystems":true},"in2DMode":false,"pivot":{"x":0.7851956486701965,"y":11.142647743225098,"z":-0.06135404109954834},"rotation":{"x":-0.24859896302223206,"y":0.13630686700344087,"z":-0.03533600643277168,"w":-0.9583316445350647},"size":1.0565011501312256,"orthographic":false}