{"cameraMode":{"drawMode":0,"name":"Shaded","section":"Shading Mode"},"sceneLighting":true,"audioPlay":false,"sceneViewState":{"showFog":true,"showMaterialUpdate":false,"showSkybox":true,"showFlares":true,"showImageEffects":true,"showParticleSystems":true},"in2DMode":false,"pivot":{"x":0.0,"y":22.700000762939454,"z":0.0003436729311943054},"rotation":{"x":-0.08354832977056503,"y":0.9155953526496887,"z":-0.25666382908821108,"w":-0.29804152250289919},"size":9.867752075195313,"orthographic":false}