{"cameraMode":{"drawMode":0,"name":"Shaded","section":"Shading Mode"},"sceneLighting":true,"audioPlay":false,"sceneViewState":{"showFog":true,"showMaterialUpdate":false,"showSkybox":false,"showFlares":true,"showImageEffects":true,"showParticleSystems":true},"in2DMode":false,"pivot":{"x":1.4558714628219605,"y":0.33724093437194826,"z":-0.2576580047607422},"rotation":{"x":0.0026385895907878877,"y":-0.9949395060539246,"z":0.09606052935123444,"w":0.02940674126148224},"size":13.606356620788575,"orthographic":false}