{"cameraMode":{"drawMode":0,"name":"Shaded","section":"Shading Mode"},"sceneLighting":true,"audioPlay":false,"sceneViewState":{"showFog":true,"showMaterialUpdate":false,"showSkybox":true,"showFlares":true,"showImageEffects":true,"showParticleSystems":true},"in2DMode":false,"pivot":{"x":-3.569596290588379,"y":9.370733261108399,"z":0.5306396484375},"rotation":{"x":-0.20877769589424134,"y":-0.16170457005500794,"z":0.0350370816886425,"w":-0.9638767242431641},"size":40.06190490722656,"orthographic":false}