{"cameraMode":{"drawMode":0,"name":"Shaded","section":"Shading Mode"},"sceneLighting":false,"audioPlay":false,"sceneViewState":{"showFog":true,"showMaterialUpdate":false,"showSkybox":false,"showFlares":true,"showImageEffects":true,"showParticleSystems":true},"in2DMode":false,"pivot":{"x":0.9998680353164673,"y":0.6419942378997803,"z":0.0005097240209579468},"rotation":{"x":-0.5544097423553467,"y":0.15680651366710664,"z":-0.10724969953298569,"w":-0.810371994972229},"size":2.621659517288208,"orthographic":true}