{"cameraMode":{"drawMode":0,"name":"Shaded","section":"Shading Mode"},"sceneLighting":true,"audioPlay":false,"sceneViewState":{"showFog":true,"showMaterialUpdate":false,"showSkybox":true,"showFlares":true,"showImageEffects":true,"showParticleSystems":true},"in2DMode":false,"pivot":{"x":0.3111419677734375,"y":9.031494140625,"z":2.4248046875},"rotation":{"x":0.513216495513916,"y":0.1531333327293396,"z":-0.09534317255020142,"w":0.8394532203674316},"size":2.9030754566192629,"orthographic":true}