{"cameraMode":{"drawMode":0,"name":"Shaded","section":"Shading Mode"},"sceneLighting":true,"audioPlay":false,"sceneViewState":{"showFog":true,"showMaterialUpdate":false,"showSkybox":true,"showFlares":true,"showImageEffects":true,"showParticleSystems":true},"in2DMode":false,"pivot":{"x":-0.06982421875,"y":11.04541015625,"z":2.1783447265625},"rotation":{"x":-0.03979257121682167,"y":0.9474441409111023,"z":-0.1301327645778656,"w":-0.2896537780761719},"size":1.803439736366272,"orthographic":true}