{"cameraMode":{"drawMode":0,"name":"Shaded","section":"Shading Mode"},"sceneLighting":true,"audioPlay":false,"sceneViewState":{"showFog":true,"showMaterialUpdate":false,"showSkybox":true,"showFlares":true,"showImageEffects":true,"showParticleSystems":true},"in2DMode":false,"pivot":{"x":4.798666000366211,"y":10.992170333862305,"z":6.166173934936523},"rotation":{"x":0.25929731130599978,"y":0.039772842079401019,"z":-0.017896590754389764,"w":0.9653279185295105},"size":24.89931869506836,"orthographic":true}