{"cameraMode":{"drawMode":0,"name":"Shaded","section":"Shading Mode"},"sceneLighting":true,"audioPlay":false,"sceneViewState":{"showFog":true,"showMaterialUpdate":false,"showSkybox":true,"showFlares":true,"showImageEffects":true,"showParticleSystems":true},"in2DMode":false,"pivot":{"x":4.034590721130371,"y":18.35759735107422,"z":12.278748512268067},"rotation":{"x":0.6249408721923828,"y":0.02304290607571602,"z":-0.023679450154304506,"w":0.7806265354156494},"size":19.22437286376953,"orthographic":true}