{"cameraMode":{"drawMode":0,"name":"Shaded","section":"Shading Mode"},"sceneLighting":false,"audioPlay":false,"sceneViewState":{"showFog":true,"showMaterialUpdate":false,"showSkybox":false,"showFlares":true,"showImageEffects":true,"showParticleSystems":true},"in2DMode":false,"pivot":{"x":-1.000136137008667,"y":0.9108918905258179,"z":0.0005097314715385437},"rotation":{"x":-0.38064271211624148,"y":0.5602861046791077,"z":-0.32214513421058657,"w":-0.6615233421325684},"size":3.494110107421875,"orthographic":true}