{"cameraMode":{"drawMode":0,"name":"Shaded","section":"Shading Mode"},"sceneLighting":true,"audioPlay":false,"sceneViewState":{"showFog":true,"showMaterialUpdate":false,"showSkybox":true,"showFlares":true,"showImageEffects":true,"showParticleSystems":true},"in2DMode":false,"pivot":{"x":-0.80364990234375,"y":12.83251953125,"z":2.47412109375},"rotation":{"x":0.4895109534263611,"y":0.1819729208946228,"z":-0.10525797307491303,"w":0.8462909460067749},"size":6.511074066162109,"orthographic":true}