{"cameraMode":{"drawMode":0,"name":"Shaded","section":"Shading Mode"},"sceneLighting":true,"audioPlay":false,"sceneViewState":{"showFog":true,"showMaterialUpdate":false,"showSkybox":true,"showFlares":true,"showImageEffects":true,"showParticleSystems":true},"in2DMode":false,"pivot":{"x":-0.2588523030281067,"y":0.9486495852470398,"z":1.5964579582214356},"rotation":{"x":-0.06679681688547135,"y":0.929852306842804,"z":-0.2116558700799942,"w":-0.29345396161079409},"size":2.2025394439697267,"orthographic":false}