{"cameraMode":{"drawMode":0,"name":"Shaded","section":"Shading Mode"},"sceneLighting":false,"audioPlay":false,"sceneViewState":{"showFog":true,"showMaterialUpdate":false,"showSkybox":false,"showFlares":true,"showImageEffects":true,"showParticleSystems":true},"in2DMode":false,"pivot":{"x":-1.5031325817108155,"y":-0.03572988510131836,"z":0.8093740344047546},"rotation":{"x":-0.41767311096191409,"y":0.4494551420211792,"z":-0.2507050633430481,"w":-0.7487906813621521},"size":10.321280479431153,"orthographic":false}