{"cameraMode":{"drawMode":0,"name":"Shaded","section":"Shading Mode"},"sceneLighting":true,"audioPlay":false,"sceneViewState":{"showFog":true,"showMaterialUpdate":false,"showSkybox":true,"showFlares":true,"showImageEffects":true,"showParticleSystems":true},"in2DMode":false,"pivot":{"x":-0.4699382781982422,"y":11.773218154907227,"z":2.3084616661071779},"rotation":{"x":-0.41767311096191409,"y":0.4494551420211792,"z":-0.2507050633430481,"w":-0.7487906813621521},"size":5.779132843017578,"orthographic":false}