{"cameraMode":{"drawMode":0,"name":"Shaded","section":"Shading Mode"},"sceneLighting":false,"audioPlay":false,"sceneViewState":{"showFog":true,"showMaterialUpdate":false,"showSkybox":false,"showFlares":true,"showImageEffects":true,"showParticleSystems":true},"in2DMode":false,"pivot":{"x":31.092239379882814,"y":199.11546325683595,"z":86.85501098632813},"rotation":{"x":-0.26781678199768069,"y":0.4056638479232788,"z":-0.12562429904937745,"w":-0.8648300766944885},"size":804.3230590820313,"orthographic":false}