{"cameraMode":{"drawMode":0,"name":"Shaded","section":"Shading Mode"},"sceneLighting":false,"audioPlay":false,"sceneViewState":{"showFog":true,"showMaterialUpdate":false,"showSkybox":false,"showFlares":true,"showImageEffects":true,"showParticleSystems":true},"in2DMode":false,"pivot":{"x":0.0,"y":0.9000000953674316,"z":-1.1920928955078126e-7},"rotation":{"x":-0.26781678199768069,"y":0.4056638479232788,"z":-0.12562429904937745,"w":-0.8648300766944885},"size":2.9700002670288088,"orthographic":false}