{"cameraMode":{"drawMode":0,"name":"Shaded","section":"Shading Mode"},"sceneLighting":false,"audioPlay":false,"sceneViewState":{"showFog":true,"showMaterialUpdate":false,"showSkybox":false,"showFlares":true,"showImageEffects":true,"showParticleSystems":true},"in2DMode":false,"pivot":{"x":11.503166198730469,"y":-37.22218322753906,"z":-0.22316837310791017},"rotation":{"x":-0.06679681688547135,"y":0.929852306842804,"z":-0.2116558700799942,"w":-0.29345396161079409},"size":3325.864990234375,"orthographic":false}