{"cameraMode":{"drawMode":0,"name":"Shaded","section":"Shading Mode"},"sceneLighting":false,"audioPlay":false,"sceneViewState":{"showFog":true,"showMaterialUpdate":false,"showSkybox":false,"showFlares":true,"showImageEffects":true,"showParticleSystems":true},"in2DMode":false,"pivot":{"x":74.92250061035156,"y":-32.12982177734375,"z":279.9568786621094},"rotation":{"x":-0.41767311096191409,"y":0.4494551420211792,"z":-0.2507050633430481,"w":-0.7487906813621521},"size":1826.8846435546875,"orthographic":false}