{"cameraMode":{"drawMode":0,"name":"Shaded","section":"Shading Mode"},"sceneLighting":true,"audioPlay":false,"sceneViewState":{"showFog":true,"showMaterialUpdate":false,"showSkybox":true,"showFlares":true,"showImageEffects":true,"showParticleSystems":true},"in2DMode":false,"pivot":{"x":-1.3099998235702515,"y":12.589999198913575,"z":-0.6912345290184021},"rotation":{"x":-0.06679681688547135,"y":0.929852306842804,"z":-0.2116558700799942,"w":-0.29345396161079409},"size":6.639476776123047,"orthographic":false}