{"cameraMode":{"drawMode":0,"name":"Shaded","section":"Shading Mode"},"sceneLighting":false,"audioPlay":false,"sceneViewState":{"showFog":true,"showMaterialUpdate":false,"showSkybox":false,"showFlares":true,"showImageEffects":true,"showParticleSystems":true},"in2DMode":false,"pivot":{"x":0.0,"y":2.8125224113464357,"z":0.1399993896484375},"rotation":{"x":-0.26781678199768069,"y":0.4056638479232788,"z":-0.12562429904937745,"w":-0.8648300766944885},"size":54.80241394042969,"orthographic":false}