{"cameraMode":{"drawMode":0,"name":"Shaded","section":"Shading Mode"},"sceneLighting":false,"audioPlay":false,"sceneViewState":{"showFog":true,"showMaterialUpdate":false,"showSkybox":false,"showFlares":true,"showImageEffects":true,"showParticleSystems":true},"in2DMode":false,"pivot":{"x":7.136241912841797,"y":12.543205261230469,"z":22.471694946289064},"rotation":{"x":-0.26781678199768069,"y":0.4056638479232788,"z":-0.12562429904937745,"w":-0.8648300766944885},"size":133.48721313476563,"orthographic":false}